,AccountPUUID
0,XFhANjotWKg0W6cbFgevEEfMffiNggo8Ibef4ics8gUzMk6FmiNd3BSZwEIFJh86Eo45E8ULabnn5g
1,EQNlOi64ynjI6NzBs6rHPKl95ssmPaE_MsiS_-aQkJPeiAvZ_fljqoP_kf3KXoDYhwr6Pzhc6IyFgw
2,AOxaU0kXvA45iYOMk2iibcqYlzMQk1KNOUpmr119HDJEYwMaNfjxrUtBl28JH1Ph6dU8Jp76NX3bxg
3,HjtDRiM5gmt-alK0Gofx_dp1d35e_ks3gVRcca3Q_6JuHQA4Tj2QnJ5M8tnn-km15JM7neeKpT1pfA
4,NhdDoQqIDeHoz4zeKenJWjh7q33e2lLKGAFfiGImSsv-NYFFIS_MzKnHhdJ2nIdzupYSdeDnTZoF_g
5,doE6cVDGMpWS29U3n6eDF-8cLQiDzPKp721PaVz49sFBR52_NsMPH0bXPJqAMfSZ9sdwWDvndpZwyA
6,e9H88Ldglh9HWKBBna00Z5McGdzXfeqiAHq-x9XgF_7EdwynSqImu9rmlSHspoYK2m8sic5ZLtlKLQ
7,zXt3Q4FGlwHbJIYqUT1zNZjchVl439FZeZsOMPTFqwfggRALreC1xdmiObxnf9o1fXQ8aDn4xl3wEQ
8,14hliGJwqzQxR3PcvKlptH-NS4fVgHthIAGaU_if_JiNx5yCOdMiaFUk53_CSDyLMNxD5cvQyZfMFA
9,qctBDc6OchgcrhZMrsEc0rZkcGM50SExZ_BecxpeL0vNkIq-cLtO21eBQJ0nmSAVNpVh2XVNcqMKeQ
10,TrvKgqe3AIaGqsmH3wos5_SNgrMZshwcqrSfv5FIBBDM6tk_TOEOLiptJw9UFQpQ04n7HxwsnH1oZg
11,qnwxr2kKVDyYnP2vWUqipZhJedmuMBUuvx7k5AKaS8Sn5veyD-p_jnQCYDGctfuKjUHT5zk7kVxtPg
12,pktcB2MIVeWfOio6AQa6mC3fgYF5KRGIdrA6PQv0cHbSreiWe6cxQh9Ib5PKkmMw3GN232dczsmAlA
13,4kHrfzsrcbI_VnAAnyqqGkPlEf7_L3zJY9qCUzqmCg9Qkz3S7U8cGLIRQ8_SSHEKsl33E2r5erVYLA
14,zxUxkojEtlXysMtOd3q71vf944LZPd5yGecls2TrU1LPS9wUzddPQ6ZVRWfgrmrOXLXZApyncA1NxA
15,4zx7ysixLBC3Kh7wg4s-Rs7X5tqPmhA2OgpfjGayT4P2yRYezP_w-lmvKaQMUmK5WJQKnlYX5M9Vzg
16,EfbuYNKy48RCQdgU9qDMlvDPvE4qeFhA9G2Z2Qmd7C0d0JKCDCG9FiNoZLg_PObwiA9Owr-E6Vgk7Q
17,rs4GYsJlfeHBXBFgG0p3K8nma3IT7KKqWTBLAkYvY7E2aJ_SWgBkJLeG6_PiRSZGunLUsgiGrcF1sg
18,J34sQiRCt53WCRiJPvgoUsl9ZCFublUQ2ZH3j9uQw3iwMomyvKIh_36lpnpHcvrRI-jV9h8w80OJig
19,nFUGRizdQZa-2zd65FAdKgtauPyo81nehdXETL1GvV6xQVMXUIZKdFNKA7zR2tlFXZchjU5bPRaLoQ
20,w_IrS5KFlpDytKI1VMTYac-IhQvzjeF1XOsPPpgCUznUDBoetVKmUFVVKQxU1Xl7pknZc97jcaen3Q
21,i6Grs-LRwEb7zQhBJDenxbQpt8iZxblIR1VJCrQ4Ds4qSkiRuCzeSxCZ3Y0Kun7ASbWH4zacSRvjOg
22,CTE6w05uwN8uv8QZbdSWv2kUBB2su3ZGI5F1kqzN7LYbRG_JmTIUEV9w344LSWxa5IgZlxNJJ99rFw
23,DWC68hbexmRiVYtqxUNVmpj8RRP9s3JIJbwvFAVmngROwrgnJu9d9qtk9DkNZT7vJRjslMsJEvk-KQ
24,S86YtOnhtdhkNSsZG_V1fMaDXXvQMHKPULEP0zO3vXl9rvN3eDhTr2BpPNJAQf2Ch2StaDvIBJk2Kg
25,_FbMmwahHsQBGb2VyvhP8F3aTWcd8RmZ6W2HO_tqJkkze0zlRbijNhxTsmMNplXh0Qy80ZUTZcubog
26,PdtHQgNz3oLpIMQYWsR_A6ic2pajuqqqlRp7KWixUYMnIrFqXcFNUt6j80BXeA8EYHS7s115ZHQWvQ
27,oZOh95m-GOJOvIPU-4VosWV0ant6UQk5jm0Vwi7H5cWgkkwLUsOp2PX2NAmG-B45De9D2nFngoL7IA
28,SMFpyz02GLCl2yLig5SvkuPxqudhtwia5UqkgzJCVY5iWY8AG6DcURdnB8Rj3x-fEanNS7wTXMwZJA
29,FPzrG5seGn3klgM15skYLd201TsltZGIba_WasqhwQL8OgmdHJbXtMttpP4rNx4xTlJXvmO8Y-wAcA
30,RghDDcAFwF7xYve3sun7JTs7_b8vkB4A0Hh7O9F2B50kTHGM8_BETOzGXmRyB6VWSp2ik37OL7xL3Q
31,MxZkssd4nCVnYjj72trKjUEuvWBiGJdtl5zvBvbfVohPFoNmNuzJW6PJHkYNpln7l7F5WkoFSdfOgw
32,JTFT6_igQvZfUXQXkjytn43q6YlhRrz5ofHfPeT6B8yiYz9ncTbdddY9SvFIjQZVboblvPMlDTVjAA
33,6TvlZQdO9NVBgihYcOR3cUZQqBfad4QzenTlfJBk7JwTvnxAFWHpvm2BCxAac8y4yzfX4Q4Y27xRnQ
34,QnX4sdmWSid1_-FNosXHYten_vEfAfTMf4tkjRKspeUQNkEkUURU5qsG_ErYQCGysdBbwZUJYKhuKQ
35,p0RcQx80sUc2kbQmBoC_LMtLBuQN-7aau6yH-diUM5rJznT4u8279j3EbpnBv8BxRmHvv7oLysxpAA
36,mWOj7WKgYWean2UU9wmdlE3t452fpwNBTXOUyUlDgFbC52wqYHWPfVTc2jzRWGBXVEAGObF17gv93A
37,wfbVK8096hXVf-6Hn5SCKf3q5nXKprLP_1cOC811B8SgKagA2jifGID8swOseJYzk_r0tr2taf4LMg
38,jbkXaLdwu40PEH8AAyXMplu_B-YWtMWrGI1G_BrzXdVUupkdQoc-AB9UkA4KEp8s1jRpPjoPWrgV8g
39,EpsbgU4TOyzLh6r0d-0eNMKMEigP7CP56yVliplvbEkCntBblcc8wj547D0yyp81tY-uLotToGorGg
40,rmnAX7lAbmsyEtvovjnMyFSV0gdWdzWq37OuQ17MxyMm75-5aQiqy6vaPEMZngbQy4GWC-HKjZFpfQ
41,BPiHBX0TDbAsPdenkEOc2XicxkfbwJjBuCKBlkym8r49cF1QQKwPVScr4HfXKJS20DMQDxexGPq2SA
42,GPiZy6zZLiK5_52nB1m3W7cuzNKmnmq1sqnXS7qb9nGQrS10UNBpskTw0vuRIubOaXwA6aG7brFtrw
43,gM-mY3BjMCiEb1XcMfbN5lCL_VK606zyiaih0-MDj-fum1a4IH5rtFcfEw3jqqjg9ljfzrAS3H2oxQ
44,ikQmng4NX1OZQaacEA2142mlwDWgIyU33ffdWt9NLu9S0AGl819RJ0Bh2P-B5EbV0Ck-qHvNNu-paA
45,D87ZYIkkKrEt9Q7hFzBPN_quS8ZuTGMgYlQjUKdJzwhxG_shdH5KQDQlTuUHmqaPw88Uql_FyeDFOg
46,RpFVK9eNgAx-4zJoOgUCzkWSnVrL-nhR-2PCw4bgthTAvq2yBQ75wfEGZ1eqqQG3UBn1L4r5BQ5E0A
47,VEovdfuhJbXdjvWD4dTDz5WK50h5NNdf3qUoPRCp4IOEiWR4FWzYGrQlE_x4UckgowXcoT4dDt-_sw
48,r1457tpkGfz-gqXyG2FW7YRHS3809Nj1eCiWinE1hXDkRThTEcLClASo02P0lFUR9a_9rl60iKlejQ
49,dZGRXFVNj-xFk34mpQBLarw5ZUfdOJj85uMIeyBmWHHM_FvbJNA95DCRfkAX6-ED2hl0ynwtvQVP7w
50,l-GIC14tCeNzuruN2XpxZ55ytl4GHiT-DKjybGlZqHJ4furi5FoBuqth2_srfDmAcGnhNG-UbD8xgw
51,ol5SfMhaMAjpgfHNQxjJHdJVRXyMvabyaulEmEMbcvJnPv6z31hApYJYZJ5gTatjXFUurjHmJdIlQw
52,o-PMGtW8TjrfVI7yEZmH9Y98GBmV2eHXOZsUOKNB-Waw3VGsdfY5ReWU-E8JR-AzIfuLfeICFSRD3A
53,skXL_dnafUkQbwyCXvPf1SomP_AU3VZvjRekBRlyotos28mTIyAsHntVc0dJ3Cl7D7VOGmdm9Hk5uQ
54,oET4g0exLiiWzmethtIYoQnAX1RgRgAVAO6ahSh1E8OsLNEhAwPg8NkyIC2bXukVEvaZVGAgKZUwXA
55,Dmm1H9fgwoO_AeALsk04hY5hzmRoOlniwK8bB4GQgL3c1pEm9ClVDI6EGxcAj371CNAt2em_yc9T8Q
56,Wt4njFpLLNZyrUyGgbmkPU0gLJLA1dymqO5DWKU148tjk-JPawmXPwYupNgJYCkvV-OqIxQUIRHHZg
57,p_5wUgonMHbIiZr0BYFN1OWaaGcjFt6li3Bo7oXcuou38ljnPPAnaI6taEJQ5EbuahR_DTdf5gU1Hw
58,FPubpezBc44-mpkBSON9FQIsREScELvscAF5Iz2abUj-J5fDJUgv50qNiN1Qi_TeqDOcx1S0xbt3iA
59,1Ynzs2Bh5Y4x9lFzB-8uE4NfRRZ3VBJChtNA_Wb0hgV6IxQ9_79OAENuFkegGo14hdyW0pOKuzd8aw
60,ecCgVPZXnEPN7Qc3TFUvJHYAU6GgVoDnD8Ho5UZItefI0ACUx6JgcTJPdZjm16kVHWY5UtW4---6Sw
61,VO7CXBLbyb1iKVDiuJieJ6R_ZzEhJdqA9WBhe9uB7eiDLTTKVEJZgL3yB-eKhf5_yCPoOdNTalvzoA
62,znxFBuqe8WiiSuSDB81BMDjRD-T7asWNacdp4pmY1p1pbzkxpUEPzwCFaJY5C1eWAtLdfTg3-JDLWg
63,VaGHkzouPPZ9SEusvtb1yAe-D-0lfMRAbD9a0FMAcsmbmJZsSPwEnPyTNXIooKjP6wsrmDZ73S5dBQ
64,31_OnyV-_qHJe6LD_FIk9dnwpwsZhJoeeOe1zvJIX_RyiQDsM7my_ymOcdSozJQoCrkEljxhzhu1ww
65,mqMGjFlGjha5o2TH_QD-GXYRFjWNPv4Myrzqfunu_uM6zMWap5YB3wzZXg3Z-VV_PIKG5WczwuJuNg
66,d3bJ9kBARejDEA1TkCg1_byhlwKuKULcPWtS-fpGCTdsdwXwZ27CKm8ils8iKDNN_RI2De0ncMb_3w
67,w5saoMYy1XxvXWSN7fgUK8dXTis00Qg_IzcOs0Zod94UgbiIvG6Yv9p9ysl1wtWL_vsSCSgmrEr1Zg
68,93Qh-P7RihE0QlUMs9vjbIogpudiGqs8DbYfUHpvS-_U_Jc7XBnq3kKvr7eo1sjJMbduNbUsajU-Rg
69,HnbYf44iMtkTmDLcUtH5wExFcFAVFoo4Zxkr95oyEiM6OgG1r_EJzLxDDmFOWWY-Vq7Npk4xzMOFvg
70,1y4A1195H87_36MVZyDRCOMI2xpx9h5LzY1dJj2wJ5aansQ--v744Wksb70D5Er7lo1NCCmAaJeKyw
71,W2qr7wfpmPPCKHa6003nnCLEH_om-KzAIyENPOU2xpk09kA0nXFu1kz80FDzvcZbZm13Lu8qcdpzOw
72,qW44wghKEbjQJbM0-OhAEIiztJU56bKXrbml_zWY9bThjrSAngqA10It7Rd1oMLSHHV--XETHYOx4w
73,OVR9x1AYn5QUuNfd1Eig-vOLdphsZe5NdbZpCA3yYniM_miNsQCHKUa6VausI__sEMhcIKu5Y9G9mQ
74,q42Jidlg3GfS1jVLaQRzTGcwA0wDu3so_Ee92I_k-1_QsRuwo8pjVH182f1Qegc5LjLy0OrV6gIDwA
75,avd3OJsZUO0hSrkVWi4QQ-nIvF5TvGumMjirpjTPR_X1Vt85XjDC41DLP8vvbkP3sE_0-qlkdvx4SQ
76,CPfmV_BeaxyWgbxPxryAo8WFONZj3VmuhM5vRfI153gnELiY8ExR04Ip2jPnBiA6sU1pzsYnjbUErQ
77,Eoaucsb5CS1t3v2cekMLuckTVFRDbeg4BzVrcyziec55594JThInH7yoaAQIhHJ-xUBCoqFxyU8I8Q
78,CXmm5NNxdFvkxJqUyaL8ItQnhUcQ1MXz9fqohbTFn1gPdhWoNe5tgYxxVQ0vK1VdP6gAVVgVsb3_3Q
79,WBEW4ph-ObNDz4LuMkAsfONzfpZBU3V7bTS37_oZYWhDXxVJdzfCBTzCpGPT_FAYveTiIhoczIWo1w
80,4kjkOwG2h3iBBp4wKn7H9KVQGNQuBEjgHMVLijuMFEnQKzPj0-1lyKMGY4XrWoUS_X-cRC1314OHzw
81,KiaQ7cOXcGfZX0KYmymd44w6UhR2vUF61xTiZcJZ0PNUuHwA91mWi_rmUHqmMLdgTMkEyROPLAWDxA
82,3kuuS9uftzNkE8HbQfElL9SjyrOAzFhL2V8MHBb_2SGXJjnbvxRyGTbuyfLE3xR06SObPRvr1zXykg
83,ViOo3rX8VrU349rWKSHV8bFfzswneL6ZomwHJg1gmonwczRmY0Yb1xM83BFa31C3VutbuCqpYkYnNQ
84,6rmaU2QdrDrraSVZXZBegTgINsglxZQh_30VrJFuIyyDEaI631dSu7FtMwuzf8cTxNdN--mQyXAhfg
85,iCXCz2cu5NzXRSsIi-PlXm9G237LSD74cVJw4gUQXbkeY39jGyZhKQ7cXYSvE08jB-KP6F_LoGGDLg
86,OWL5UQ3nDdTDjNIiRT3EFQwNyYpEmaP_XV292MhLQ3tjpcQnf7ReZEy5fQYULDwtG7pw-qVtexGKKg
87,xKq-UunOHTTL8fEm84gas-PbRpyf2WBRypBqeplZcfbLMJP_tDjCbfrqGG0i3wD9DBVtMC6RSj76cw
88,MkJKe71kZewx4eIl2PuMj7jp0Qq-ZKSeC0AMolI6PPvSHayg6tAe2R2jwBdzT0OEH79-3dOiMsOjcQ
89,BKse4YQ7GZUKJDqjyIF44p8c1vEGBqWMtW-Tys2hJibG2HtuWQ9H841PYelbrOoDIpXJxPaSpgbE_Q
90,T8rVDE7vN9Bhc_XTi9qxAo8aI-0R8Id5-H6lMv8-qeiqTIbJ86Nmhw8xSutXzmA82R6IEdNBbIHLDw
91,c6TBZg006WKEULE7PCionJzeQshjut269jggORzWN9sEBI-PeQi8gyKl-zQPDlEUrtiiouc9qa1ijQ
92,kC22-j8iGZWmMoOp1QgU80wlyYR_0s_u90FNXNBS_mWMvXf9RezJQUwGLLdwCacB5K-21qgWQfo4qA
93,dOsS-QTuBJLSRUtRBnXiHJqnldA_5p_e8OoZuwyqnzd7NKTWT11bbniE5LGMRFcBOaVsgUQ4ArO6Ig
94,Go5pJ3dnJTMOWjfACl66OwHCCL3uc0hu-EVL_OTr6K6BzIMe95mg5B7bi7kEm8UALYZ1acQ40lUoVw
95,Q8UlBI_lzAl1_ViekOAtNBBfoO0exYoOHJveylPDd0KE4qKGisWHED9bjEqkkV9DgmEbrN3-ZbyZNw
96,s4u-nAWd9RzyBXOZu_JWqv04lMAqCuInedIxiLchmFaYtQA35aeGp9Puxy0JMaC3vXPjGyYOWEZ7xA
97,Ti9MXcb7_dzWJqId0FTvWtoVjhVP9BJ5YNWRYcGqNTOGr7CQu3oJD-qUH9PZbd6evu3Qnbo-3nd2WA
98,ui8PdGMJXTIOM_zXCs8me7ho1Co87kIaXaZbLcQd94oBVGnVn8LayCMOqPeajph2laDG5pQAyeTwDw
99,4S55pfXEmUP7eqWfrtBuOFAEnJQ7tn6-MYJ8q6V823O8qapYD_wvRIZJI9f5fpUlKsRQYmg2iMWcBg
